{
    "mAP": 0.7624149322509766,
    "precision": 0.7624149322509766,
    "recall": 0.4753428101539612
}