{
    "mAP": 0.9947846531867981,
    "precision": 0.9947846531867981,
    "recall": 0.49634942412376404
}